{
    "curr_time": "September 01, 2023, 00:00",
    "curr_tile": [
        0,
        0
    ],
    "curr_room": "bedroom",
    "curr_task": "Sleep",
    "daily_plan": "workday",
    "name": "Amber Wilson",
    "first_name": "Amber",
    "last_name": "Wilson",
    "age": 15,
    "occupation": "student",
    "preference": [
        "suitable temperture between 25C - 28C",
        "suitable humidity between 40% - 50%",
        "prefer lively space"
    ],
    "life_style": [
        "sleep 9 hours and 10 minutes ",
        "eat breakfast and dinner at home",
        "like chating with friends",
        "are learning Math, Writing, and Science in high school",
        "exercise 1 hour daily",
        "sleep at 22:00",
        "wake up at 7:10"
    ],
    "f_daily_schedule": [
        "sleep",
        "eat",
        "study",
        "exercise",
        "eat",
        "sleep"
    ],
    "act_plan": []
}