{
    "curr_time": "September 01, 2023, 00:00",
    "curr_tile": [
        0,
        0
    ],
    "curr_room": "main_bedroom",
    "curr_task": "Sleep ",
    "daily_plan": "workday",
    "name": "Emma Wilson",
    "first_name": "Emma",
    "last_name": "Wilson",
    "age": 45,
    "occupation": "lawer",
    "preference": [
        "suitable temperture between 24C - 27C",
        "suitable humidity between 60% - 75%",
        "prefer sunlight in the moring"
    ],
    "life_style": [
        "sleep 7 hours",
        "eat breakfast and dinner at home",
        "exercise 1 hour daily",
        "like reading book",
        "like making dessert",
        "like watching TV",
        "sleep at 23:00",
        "wake up at 6:00"
    ],
    "f_daily_schedule": [
        "sleep",
        "eat",
        "work",
        "exercise",
        "eat",
        "sleep"
    ],
    "act_plan": []
}