{
    "curr_time": "September 01, 2023, 00:00",
    "curr_tile": [
        0,
        0
    ],
    "curr_room": "main_bedroom",
    "curr_task": "Sleep ",
    "daily_plan": "workday",
    "name": "Jason Wilson",
    "first_name": "Jason",
    "last_name": "Wilson",
    "age": 47,
    "occupation": "lawer",
    "preference": [
        "suitable temperture between 20C - 23C",
        "suitable humidity between 55% - 65%",
        "prefer quiet space"
    ],
    "life_style": [
        "sleep 7 hours",
        "eat breakfast and dinner at home",
        "like reading newspaper",
        "like watching sports games",
        "like reading law cases",
        "exercise 1 hour daily",
        "sleep at 23:30",
        "wake up at 6:30"
    ],
    "f_daily_schedule": [
        "sleep",
        "eat",
        "work",
        "exercise",
        "eat",
        "sleep"
    ],
    "act_plan": []
}