{
    "curr_time": "September 01, 2023, 00:00",
    "curr_tile": [
        0,
        0
    ],
    "curr_room": "bedroom",
    "curr_task": "Sleep ",
    "daily_plan": "workday",
    "name": "Tommie Wilson",
    "first_name": "Tommie",
    "last_name": "Wilson",
    "age": 20,
    "occupation": "student",
    "preference": [
        "suitable temperture between 22C - 25C",
        "suitable humidity between 60% - 70%",
        "prefer quiet space"
    ],
    "life_style": [
        "sleep 7 hours",
        "eat breakfast and dinner at home",
        "like playing video games",
        "are learning Python, Java, and C++ in university",
        "exercise 1 hour daily",
        "sleep at 00:00",
        "wake up at 7:00"
    ],
    "f_daily_schedule": [
        "sleep",
        "eat",
        "study",
        "exercise",
        "eat",
        "sleep"
    ],
    "act_plan": []
}