[
    {
        "device_name": "bathroom:ceiling_light",
        "model_name": "yeelink.light.ceiling1", 
        "device_info_path": "device_simulation/miot_template/applied/yeelink.light.ceiling1_released_1.json", 
        "device_type": "miot", 
        "token": "00000000000000000000000000000000",
        "ip": "127.0.0.1",
        "port": 50001
    },
    {
        "device_name": "bathroom:air_conditioner",
        "model_name": "xiaomi.aircondition.mc4", 
        "device_info_path": "device_simulation/miot_template/applied/xiaomi.aircondition.mc4_released_1.json", 
        "device_type": "miot", 
        "token": "00000000000000000000000000000000",
        "ip": "127.0.0.1",
        "port": 50002
    },
    {
        "device_name": "bathroom:humidifier",
        "model_name": "zhimi.humidifier.ca4", 
        "device_info_path": "device_simulation/miot_template/applied/zhimi.humidifier.ca4_released_2.json", 
        "device_type": "miot", 
        "token": "00000000000000000000000000000000",
        "ip": "127.0.0.1",
        "port": 50003
    },

    {
        "device_name": "bedroom:ceiling_light",
        "model_name": "yeelink.light.ceiling1", 
        "device_info_path": "device_simulation/miot_template/applied/yeelink.light.ceiling1_released_1.json", 
        "device_type": "miot", 
        "token": "00000000000000000000000000000000",
        "ip": "127.0.0.1",
        "port": 51001
    },
    {
        "device_name": "bedroom:air_conditioner",
        "model_name": "xiaomi.aircondition.mc4", 
        "device_info_path": "device_simulation/miot_template/applied/xiaomi.aircondition.mc4_released_1.json", 
        "device_type": "miot", 
        "token": "00000000000000000000000000000000",
        "ip": "127.0.0.1",
        "port": 51002
    },
    {
        "device_name": "bedroom:humidifier",
        "model_name": "zhimi.humidifier.ca4", 
        "device_info_path": "device_simulation/miot_template/applied/zhimi.humidifier.ca4_released_2.json", 
        "device_type": "miot", 
        "token": "00000000000000000000000000000000",
        "ip": "127.0.0.1",
        "port": 51003
    },
    {
        "device_name": "bedroom:lamp",
        "model_name": "yeelink.light.lamp1", 
        "device_info_path": "device_simulation/miot_template/applied/yeelink.light.lamp1_released_1.json", 
        "device_type": "miot", 
        "token": "00000000000000000000000000000000",
        "ip": "127.0.0.1",
        "port": 51004
    },
    {
        "device_name": "bedroom:desk_lamp",
        "model_name": "yeelink.light.lamp1", 
        "device_info_path": "device_simulation/miot_template/applied/yeelink.light.lamp1_released_1.json", 
        "device_type": "miot", 
        "token": "00000000000000000000000000000000",
        "ip": "127.0.0.1",
        "port": 51005
    },

    {
        "device_name": "front_door:ceiling_light",
        "model_name": "yeelink.light.ceiling1", 
        "device_info_path": "device_simulation/miot_template/applied/yeelink.light.ceiling1_released_1.json", 
        "device_type": "miot", 
        "token": "00000000000000000000000000000000",
        "ip": "127.0.0.1",
        "port": 52001
    },
    {
        "device_name": "front_door:air_conditioner",
        "model_name": "xiaomi.aircondition.mc4", 
        "device_info_path": "device_simulation/miot_template/applied/xiaomi.aircondition.mc4_released_1.json", 
        "device_type": "miot", 
        "token": "00000000000000000000000000000000",
        "ip": "127.0.0.1",
        "port": 52002
    },
    {
        "device_name": "front_door:humidifier",
        "model_name": "zhimi.humidifier.ca4", 
        "device_info_path": "device_simulation/miot_template/applied/zhimi.humidifier.ca4_released_2.json", 
        "device_type": "miot", 
        "token": "00000000000000000000000000000000",
        "ip": "127.0.0.1",
        "port": 52003
    },
    {
        "device_name": "front_door:lamp",
        "model_name": "yeelink.light.lamp1", 
        "device_info_path": "device_simulation/miot_template/applied/yeelink.light.lamp1_released_1.json", 
        "device_type": "miot", 
        "token": "00000000000000000000000000000000",
        "ip": "127.0.0.1",
        "port": 52004
    },

    {
        "device_name": "kitchen:ceiling_light",
        "model_name": "yeelink.light.ceiling1", 
        "device_info_path": "device_simulation/miot_template/applied/yeelink.light.ceiling1_released_1.json", 
        "device_type": "miot", 
        "token": "00000000000000000000000000000000",
        "ip": "127.0.0.1",
        "port": 53001
    },
    {
        "device_name": "kitchen:air_conditioner",
        "model_name": "xiaomi.aircondition.mc4", 
        "device_info_path": "device_simulation/miot_template/applied/xiaomi.aircondition.mc4_released_1.json", 
        "device_type": "miot", 
        "token": "00000000000000000000000000000000",
        "ip": "127.0.0.1",
        "port": 53002
    },
    {
        "device_name": "kitchen:humidifier",
        "model_name": "zhimi.humidifier.ca4", 
        "device_info_path": "device_simulation/miot_template/applied/zhimi.humidifier.ca4_released_2.json", 
        "device_type": "miot", 
        "token": "00000000000000000000000000000000",
        "ip": "127.0.0.1",
        "port": 53003
    },

    {
        "device_name": "living_room:ceiling_light",
        "model_name": "yeelink.light.ceiling1", 
        "device_info_path": "device_simulation/miot_template/applied/yeelink.light.ceiling1_released_1.json", 
        "device_type": "miot", 
        "token": "00000000000000000000000000000000",
        "ip": "127.0.0.1",
        "port": 54001
    },
    {
        "device_name": "living_room:air_conditioner",
        "model_name": "xiaomi.aircondition.mc4", 
        "device_info_path": "device_simulation/miot_template/applied/xiaomi.aircondition.mc4_released_1.json", 
        "device_type": "miot", 
        "token": "00000000000000000000000000000000",
        "ip": "127.0.0.1",
        "port": 54002
    },
    {
        "device_name": "living_room:humidifier",
        "model_name": "zhimi.humidifier.ca4", 
        "device_info_path": "device_simulation/miot_template/applied/zhimi.humidifier.ca4_released_2.json", 
        "device_type": "miot", 
        "token": "00000000000000000000000000000000",
        "ip": "127.0.0.1",
        "port": 54003
    },
    {
        "device_name": "living_room:lamp",
        "model_name": "yeelink.light.lamp1", 
        "device_info_path": "device_simulation/miot_template/applied/yeelink.light.lamp1_released_1.json", 
        "device_type": "miot", 
        "token": "00000000000000000000000000000000",
        "ip": "127.0.0.1",
        "port": 54004
    },
    {
        "device_name": "living_room:curtain",
        "model_name": "lumi.curtain.hagl05",
        "device_info_path": "device_simulation/miot_template/applied/lumi.curtain.hagl05_released_1.json",
        "device_type": "miot",
        "token": "00000000000000000000000000000000",
        "ip": "127.0.0.1",
        "port": 54005
    },

    {
        "device_name": "main_bedroom:ceiling_light",
        "model_name": "yeelink.light.ceiling1", 
        "device_info_path": "device_simulation/miot_template/applied/yeelink.light.ceiling1_released_1.json", 
        "device_type": "miot", 
        "token": "00000000000000000000000000000000",
        "ip": "127.0.0.1",
        "port": 55001
    },
    {
        "device_name": "main_bedroom:air_conditioner",
        "model_name": "xiaomi.aircondition.mc4", 
        "device_info_path": "device_simulation/miot_template/applied/xiaomi.aircondition.mc4_released_1.json", 
        "device_type": "miot", 
        "token": "00000000000000000000000000000000",
        "ip": "127.0.0.1",
        "port": 55002
    },
    {
        "device_name": "main_bedroom:humidifier",
        "model_name": "zhimi.humidifier.ca4", 
        "device_info_path": "device_simulation/miot_template/applied/zhimi.humidifier.ca4_released_2.json", 
        "device_type": "miot", 
        "token": "00000000000000000000000000000000",
        "ip": "127.0.0.1",
        "port": 55003
    },
    {
        "device_name": "main_bedroom:bedside_lamp",
        "model_name": "yeelink.light.lamp1", 
        "device_info_path": "device_simulation/miot_template/applied/yeelink.light.lamp1_released_1.json", 
        "device_type": "miot", 
        "token": "00000000000000000000000000000000",
        "ip": "127.0.0.1",
        "port": 55004
    },
    {
        "device_name": "main_bedroom:desk_lamp",
        "model_name": "yeelink.light.lamp1", 
        "device_info_path": "device_simulation/miot_template/applied/yeelink.light.lamp1_released_1.json", 
        "device_type": "miot", 
        "token": "00000000000000000000000000000000",
        "ip": "127.0.0.1",
        "port": 55005
    },
    {
        "device_name": "main_bedroom:curtain",
        "model_name": "lumi.curtain.hagl05",
        "device_info_path": "device_simulation/miot_template/applied/lumi.curtain.hagl05_released_1.json",
        "device_type": "miot",
        "token": "00000000000000000000000000000000",
        "ip": "127.0.0.1",
        "port": 55006
    }
]