{
    "room": "bathroom",
    "temperature": "24C",
    "humidity": "70%",
    "ceiling_light": {
        "power": "off"
    },
    "air_conditioner": {
        "power": "on",
        "mode": "dry",
        "target_temperature": 24,
        "eco": "off",
        "sleep_mode": "off",
        "fan_speed": "level1",
        "vertical_swing": "on"
    },
    "humidifier": {
        "power": "on",
        "mode": "high",
        "target_humidity": 76,
        "water_level": 57,
        "dry": "off",
        "speed_level": 583,
        "humidity": 47,
        "child_lock": "off"
    },
    "washing_machine": {
        "power": "off",
        "mode": "wash",
        "time": "30min"
    },
    "dryer": {
        "power": "off",
        "mode": "dry",
        "time": "30min"
    },
    "door": "open"
}