{
    "room": "bedroom",
    "temperature": "22C",
    "humidity": "65%",
    "ceiling_light": {
        "power": "on",
        "brightness": 65,
        "mode": "Day",
        "color_temperature": 3759
    },
    "lamp": {
        "power": "on",
        "brightness": 2,
        "color_temperature": 3938,
        "mode": "Twinkle"
    },
    "desk_lamp": {
        "power": "on",
        "brightness": 99,
        "color_temperature": 4424,
        "mode": "Effective_Work"
    },
    "air_conditioner": {
        "power": "off"
    },
    "humidifier": {
        "power": "on",
        "mode": "auto",
        "target_humidity": 38,
        "water_level": 35,
        "dry": "on",
        "speed_level": 1522,
        "humidity": 42,
        "child_lock": "off"
    },
    "door": "closed",
    "window": "closed"
}