{
    "room": "kitchen",
    "temperature": "22C",
    "humidity": "55%",
    "ceiling_light": {
        "power": "on",
        "brightness": 78,
        "mode": "Night",
        "color_temperature": 3803
    },
    "air_conditioner": {
        "power": "off"
    },
    "humidifier": {
        "power": "off"
    },
    "refrigerator": {
        "power": "on",
        "temperature": "5C"
    },
    "oven": {
        "power": "off",
        "temperature": "200C"
    },
    "dishwasher": {
        "power": "off",
        "mode": "wash"
    }
}