{
    "room": "living_room",
    "temperature": "20C",
    "humidity": "50%",
    "ceiling_light": {
        "power": "off"
    },
    "lamp": {
        "power": "on",
        "brightness": 5,
        "color_temperature": 6474,
        "mode": "Night_Reading"
    },
    "air_conditioner": {
        "power": "on",
        "mode": "dry",
        "target_temperature": 24,
        "eco": "on",
        "sleep_mode": "on",
        "fan_speed": "level3",
        "vertical_swing": "off"
    },
    "television": {
        "power": "on"
    },
    "humidifier": {
        "power": "on",
        "mode": "auto",
        "target_humidity": 53,
        "water_level": 78,
        "dry": "off",
        "speed_level": 761,
        "humidity": 47,
        "child_lock": "off"
    },
    "curtain": {
        "status": "closed"
    },
    "window": "closed"
}