{
    "room": "main_bedroom",
    "temperature": "23C",
    "humidity": "60%",
    "ceiling_light": {
        "power": "off"
    },
    "bedside_lamp": {
        "power": "off"
    },
    "desk_lamp": {
        "power": "on",
        "brightness": 21,
        "color_temperature": 4428,
        "mode": "Anti_blue"
    },
    "air_conditioner": {
        "power": "off"
    },
    "television": {
        "power": "on"
    },
    "curtain": {
        "status": "closed"
    },
    "humidifier": {
        "power": "off"
    },
    "door": "closed",
    "window": "closed"
}