{"type":"urn:miot-spec-v2:device:curtain:0000A00C:lumi-hagl05:1","description":"Curtain","services":[{"iid":2,"type":"urn:miot-spec-v2:service:curtain:00007816:lumi-hagl05:1","description":"Curtain","properties":[{"iid":1,"type":"urn:miot-spec-v2:property:fault:00000009:lumi-hagl05:1","description":"Device Fault","format":"uint8","access":["read","notify"],"value-list":[{"value":0,"description":"No faults"}]},{"iid":2,"type":"urn:miot-spec-v2:property:motor-control:00000038:lumi-hagl05:1","description":"Motor Control","format":"uint8","access":["write"],"value-list":[{"value":0,"description":"Pause"},{"value":1,"description":"Open"},{"value":2,"description":"Close"},{"value":3,"description":"auto"}]},{"iid":3,"type":"urn:miot-spec-v2:property:current-position:00000039:lumi-hagl05:1","description":"Current Position","format":"uint8","access":["read","notify"],"unit":"percentage","value-range":[0,100,1]},{"iid":6,"type":"urn:miot-spec-v2:property:status:00000007:lumi-hagl05:1","description":"Status","format":"uint8","access":["read","notify"],"value-list":[{"value":0,"description":"Stopped"},{"value":1,"description":"Opening"},{"value":2,"description":"Closing"}]},{"iid":7,"type":"urn:miot-spec-v2:property:target-position:0000003A:lumi-hagl05:1","description":"Target Position","format":"uint8","access":["read","write","notify"],"unit":"percentage","value-range":[0,100,1]}]},{"iid":1,"type":"urn:miot-spec-v2:service:device-information:00007801:lumi-hagl05:1","description":"Device Information","properties":[{"iid":4,"type":"urn:miot-spec-v2:property:firmware-revision:00000005:lumi-hagl05:1","description":"Current Firmware Version","format":"string","access":["read"]},{"iid":1,"type":"urn:miot-spec-v2:property:manufacturer:00000001:lumi-hagl05:1","description":"Device Manufacturer","format":"string","access":["read"]},{"iid":2,"type":"urn:miot-spec-v2:property:model:00000002:lumi-hagl05:1","description":"Device Model","format":"string","access":["read"]},{"iid":3,"type":"urn:miot-spec-v2:property:serial-number:00000003:lumi-hagl05:1","description":"Device Serial Number","format":"string","access":["read"]}]},{"iid":6,"type":"urn:miot-spec-v2:service:identify:0000782C:lumi-hagl05:1","description":"Identify","actions":[{"iid":1,"type":"urn:miot-spec-v2:action:identify:00002801:lumi-hagl05:1","description":"Identify","in":[],"out":[]}]},{"iid":4,"type":"urn:lumi-spec:service:curtain-cfg:00000001:lumi-hagl05:1","description":"curtain_cfg","properties":[{"iid":1,"type":"urn:lumi-spec:property:manual-enabled:00000002:lumi-hagl05:1","description":"manual_enabled","format":"int32","access":["read","write","notify"],"value-list":[{"value":0,"description":"Disable"},{"value":1,"description":"Enable"}]},{"iid":2,"type":"urn:lumi-spec:property:polarity:00000003:lumi-hagl05:1","description":"polarity","format":"int32","access":["read","write","notify"],"value-list":[{"value":0,"description":"Positive"},{"value":1,"description":"Reverse"}]},{"iid":3,"type":"urn:lumi-spec:property:pos-limit:00000004:lumi-hagl05:1","description":"pos_limit","format":"int32","access":["read","write","notify"],"value-list":[{"value":0,"description":"Unlimit"},{"value":1,"description":"Limit"}]},{"iid":4,"type":"urn:lumi-spec:property:en-night-tip-light:00000005:lumi-hagl05:1","description":"en_night_tip_light","format":"int32","access":["read","write","notify"],"value-list":[{"value":0,"description":"Disable"},{"value":1,"description":"Enable"}]},{"iid":5,"type":"urn:lumi-spec:property:run-time:00000008:lumi-hagl05:1","description":"run_time","format":"int32","access":["read","notify"],"value-range":[0,255,1]}]},{"iid":5,"type":"urn:lumi-spec:service:motor-controller:00000006:lumi-hagl05:1","description":"motor_controller","properties":[{"iid":1,"type":"urn:lumi-spec:property:adjust-value:00000007:lumi-hagl05:1","description":"adjust_value","format":"int32","access":["write"],"value-range":[-100,100,1]}]}]}