{"type":"urn:miot-spec-v2:device:dishwasher:0000A034:viomi-m02:1","description":"Dishwasher","services":[{"iid":1,"type":"urn:miot-spec-v2:service:device-information:00007801:viomi-m02:1","description":"Device Information","properties":[{"iid":1,"type":"urn:miot-spec-v2:property:manufacturer:00000001:viomi-m02:1","description":"Device Manufacturer","format":"string","access":["read"]},{"iid":2,"type":"urn:miot-spec-v2:property:model:00000002:viomi-m02:1","description":"Device Model","format":"string","access":["read"]},{"iid":3,"type":"urn:miot-spec-v2:property:serial-number:00000003:viomi-m02:1","description":"Device Serial Number","format":"string","access":["read"]},{"iid":4,"type":"urn:miot-spec-v2:property:firmware-revision:00000005:viomi-m02:1","description":"Current Firmware Version","format":"string","access":["read"]}]},{"iid":2,"type":"urn:miot-spec-v2:service:dishwasher:0000784D:viomi-m02:1","description":"Dishwasher","properties":[{"iid":1,"type":"urn:miot-spec-v2:property:on:00000006:viomi-m02:1","description":"Switch Status","format":"bool","access":["read","write","notify"]},{"iid":2,"type":"urn:miot-spec-v2:property:status:00000007:viomi-m02:1","description":"Status","format":"uint8","access":["read","notify"],"value-list":[{"value":0,"description":"Off"},{"value":1,"description":"Idle"},{"value":2,"description":"Busy"},{"value":3,"description":"Paused"},{"value":4,"description":"Completed"},{"value":5,"description":"Delay"},{"value":6,"description":"Preservation"}]},{"iid":3,"type":"urn:miot-spec-v2:property:target-temperature:00000021:viomi-m02:1","description":"Target Temperature","format":"float","access":["read"],"unit":"celsius","value-range":[0,100,1]},{"iid":4,"type":"urn:miot-spec:property:mode:00000008:viomi-m02:1","description":"Mode","format":"uint8","access":["read","notify","write"],"value-list":[{"value":0,"description":"Basic"},{"value":1,"description":"Energy Saving"},{"value":2,"description":"Quick Wash"},{"value":3,"description":"Intensive"},{"value":4,"description":"Glass"},{"value":7,"description":"Disinfecting"}]},{"iid":5,"type":"urn:miot-spec:property:left-time:0000003C:viomi-m02:1","description":"Left Time","format":"uint32","access":["read"],"unit":"seconds","value-range":[0,86400,1]}],"actions":[{"iid":1,"type":"urn:miot-spec-v2:action:start-wash:00002824:viomi-m02:1","description":"Start Wash","in":[],"out":[]},{"iid":2,"type":"urn:miot-spec-v2:action:pause:0000280C:viomi-m02:1","description":"Pause","in":[],"out":[]},{"iid":3,"type":"urn:miot-spec-v2:action:stop-washing:0000283B:viomi-m02:1","description":"Stop Washing","in":[],"out":[]}],"events":[{"iid":1,"type":"urn:miot-spec-v2:event:wash-end:0000500B:viomi-m02:1","description":"Washing End","arguments":[]}]},{"iid":3,"type":"urn:miot-spec-v2:service:physical-controls-locked:00007807:viomi-m02:1","description":"Physical Control Locked","properties":[{"iid":1,"type":"urn:miot-spec-v2:property:physical-controls-locked:0000001D:viomi-m02:1","description":"Physical Control Locked","format":"bool","access":["read","write","notify"]}]}]}