{"type":"urn:miot-spec-v2:device:speaker:0000A015:xiaomi-l05g:1","description":"Speaker","services":[{"iid":1,"type":"urn:miot-spec-v2:service:device-information:00007801:xiaomi-l05g:1","description":"Device Information","properties":[{"iid":1,"type":"urn:miot-spec-v2:property:manufacturer:00000001:xiaomi-l05g:1","description":"Device Manufacturer","format":"string","access":["read"]},{"iid":2,"type":"urn:miot-spec-v2:property:model:00000002:xiaomi-l05g:1","description":"Device Model","format":"string","access":["read"]},{"iid":3,"type":"urn:miot-spec-v2:property:serial-number:00000003:xiaomi-l05g:1","description":"Device ID","format":"string","access":["read"]},{"iid":4,"type":"urn:miot-spec-v2:property:firmware-revision:00000005:xiaomi-l05g:1","description":"Current Firmware Version","format":"string","access":["read"]},{"iid":5,"type":"urn:miot-spec-v2:property:serial-no:000000FF:xiaomi-l05g:1","description":"Serial Number","format":"string","access":["read","notify"]}]},{"iid":2,"type":"urn:miot-spec-v2:service:speaker:0000781C:xiaomi-l05g:1","description":"Speaker","properties":[{"iid":1,"type":"urn:miot-spec-v2:property:volume:00000013:xiaomi-l05g:1","description":"Volume","format":"uint8","access":["read","write","notify"],"unit":"percentage","value-range":[0,100,1]},{"iid":2,"type":"urn:miot-spec-v2:property:mute:00000040:xiaomi-l05g:1","description":"Mute","format":"bool","access":["read","write","notify"]}]},{"iid":3,"type":"urn:miot-spec-v2:service:play-control:0000781D:xiaomi-l05g:1","description":"Play Control","properties":[{"iid":1,"type":"urn:miot-spec-v2:property:playing-state:00000041:xiaomi-l05g:1","description":"Playing State","format":"uint8","access":["read","notify"],"value-list":[{"value":1,"description":"Playing"}]},{"iid":2,"type":"urn:miot-spec-v2:property:seek-time:00000042:xiaomi-l05g:1","description":"Seek Time","format":"int16","access":[],"unit":"seconds","value-range":[-30000,30000,10]},{"iid":3,"type":"urn:miot-spec-v2:property:play-loop-mode:00000094:xiaomi-l05g:1","description":"Play Loop Mode","format":"uint8","access":["read","write","notify"],"value-list":[{"value":1,"description":"Single Cycle"}]}],"actions":[{"iid":1,"type":"urn:miot-spec-v2:action:seek:0000280A:xiaomi-l05g:1","description":"Seek","in":[2],"out":[]},{"iid":2,"type":"urn:miot-spec-v2:action:play:0000280B:xiaomi-l05g:1","description":"Play","in":[],"out":[]},{"iid":3,"type":"urn:miot-spec-v2:action:pause:0000280C:xiaomi-l05g:1","description":"Pause","in":[],"out":[]},{"iid":4,"type":"urn:miot-spec-v2:action:stop:0000280D:xiaomi-l05g:1","description":"Stop","in":[],"out":[]},{"iid":5,"type":"urn:miot-spec-v2:action:previous:0000280E:xiaomi-l05g:1","description":"Previous","in":[],"out":[]},{"iid":6,"type":"urn:miot-spec-v2:action:next:0000280F:xiaomi-l05g:1","description":"Next","in":[],"out":[]}]},{"iid":4,"type":"urn:miot-spec-v2:service:microphone:00007826:xiaomi-l05g:1","description":"Microphone","properties":[{"iid":1,"type":"urn:miot-spec-v2:property:mute:00000040:xiaomi-l05g:1","description":"Mute","format":"bool","access":["read","write","notify"]}]},{"iid":5,"type":"urn:miot-spec-v2:service:intelligent-speaker:0000789B:xiaomi-l05g:1","description":"Intelligent Speaker","properties":[{"iid":1,"type":"urn:miot-spec-v2:property:text-content:000000FA:xiaomi-l05g:1","description":"Text Content","format":"string","access":[]},{"iid":2,"type":"urn:miot-spec-v2:property:silent-execution:000000FB:xiaomi-l05g:1","description":"Silent Execution","format":"bool","access":[]}],"actions":[{"iid":1,"type":"urn:miot-spec-v2:action:wake-up:0000283F:xiaomi-l05g:1","description":"Wake Up","in":[],"out":[]},{"iid":2,"type":"urn:miot-spec-v2:action:play-radio:00002840:xiaomi-l05g:1","description":"Play Radio","in":[],"out":[]},{"iid":3,"type":"urn:miot-spec-v2:action:play-text:00002841:xiaomi-l05g:1","description":"Play Text","in":[1],"out":[]},{"iid":4,"type":"urn:miot-spec-v2:action:execute-text-directive:00002842:xiaomi-l05g:1","description":"Execute Text Directive","in":[1,2],"out":[]},{"iid":5,"type":"urn:miot-spec-v2:action:play-music:00002846:xiaomi-l05g:1","description":"Play Music","in":[],"out":[]}]},{"iid":6,"type":"urn:miot-spec-v2:service:clock:0000789A:xiaomi-l05g:1","description":"Clock","properties":[{"iid":1,"type":"urn:miot-spec-v2:property:on:00000006:xiaomi-l05g:1","description":"Switch Status","format":"bool","access":["read","write","notify"]},{"iid":2,"type":"urn:miot-spec-v2:property:status:00000007:xiaomi-l05g:1","description":"Status","format":"uint8","access":["read","notify"],"value-list":[{"value":1,"description":"Idle"},{"value":2,"description":"Busy"}]},{"iid":3,"type":"urn:miot-spec-v2:property:fault:00000009:xiaomi-l05g:1","description":"Device Fault","format":"uint8","access":["read","notify"],"value-list":[{"value":0,"description":"No Faults"}]},{"iid":4,"type":"urn:miot-spec-v2:property:ringtone:0000009D:xiaomi-l05g:1","description":"Ringtone","format":"uint8","access":["read","write","notify"],"value-range":[1,5,1]}],"actions":[{"iid":1,"type":"urn:miot-spec-v2:action:stop-alarm:00002843:xiaomi-l05g:1","description":"Stop Alarm","in":[],"out":[]}]}]}