{"type":"urn:miot-spec-v2:device:air-conditioner:0000A004:xiaomi-mc4:1","description":"Air Conditioner","services":[{"iid":1,"type":"urn:miot-spec-v2:service:device-information:00007801:xiaomi-mc4:1","description":"Device Information","properties":[{"iid":1,"type":"urn:miot-spec-v2:property:manufacturer:00000001:xiaomi-mc4:1","description":"Device Manufacturer","format":"string","access":["read"]},{"iid":2,"type":"urn:miot-spec-v2:property:model:00000002:xiaomi-mc4:1","description":"Device Model","format":"string","access":["read"]},{"iid":3,"type":"urn:miot-spec-v2:property:serial-number:00000003:xiaomi-mc4:1","description":"Device Serial Number","format":"string","access":["read"]},{"iid":4,"type":"urn:miot-spec-v2:property:firmware-revision:00000005:xiaomi-mc4:1","description":"Current Firmware Version","format":"string","access":["read"]}]},{"iid":2,"type":"urn:miot-spec-v2:service:air-conditioner:0000780F:xiaomi-mc4:1","description":"Air Conditioner","properties":[{"iid":1,"type":"urn:miot-spec-v2:property:on:00000006:xiaomi-mc4:1","description":"Switch Status","format":"bool","access":["read","write","notify"]},{"iid":2,"type":"urn:miot-spec-v2:property:mode:00000008:xiaomi-mc4:1","description":"Mode","format":"uint8","access":["read","write","notify"],"value-list":[{"value":2,"description":"Cool"},{"value":3,"description":"Dry"},{"value":4,"description":"Fan"},{"value":5,"description":"Heat"}]},{"iid":4,"type":"urn:miot-spec-v2:property:target-temperature:00000021:xiaomi-mc4:1","description":"Target Temperature","format":"float","access":["read","write","notify"],"unit":"celsius","value-range":[16,31,0.5]},{"iid":7,"type":"urn:miot-spec-v2:property:eco:00000024:xiaomi-mc4:1","description":"ECO","format":"bool","access":["read","write","notify"]},{"iid":9,"type":"urn:miot-spec-v2:property:heater:00000026:xiaomi-mc4:1","description":"Heater","format":"bool","access":["read","write","notify"]},{"iid":10,"type":"urn:miot-spec-v2:property:dryer:00000027:xiaomi-mc4:1","description":"Dryer","format":"bool","access":["read","write","notify"]},{"iid":11,"type":"urn:miot-spec-v2:property:sleep-mode:00000028:xiaomi-mc4:1","description":"Sleep Mode","format":"bool","access":["read","write","notify"]}]},{"iid":3,"type":"urn:miot-spec-v2:service:fan-control:00007809:xiaomi-mc4:1","description":"Fan Control","properties":[{"iid":2,"type":"urn:miot-spec-v2:property:fan-level:00000016:xiaomi-mc4:1","description":"Fan Level","format":"uint8","access":["read","write","notify"],"value-list":[{"value":0,"description":"Auto"},{"value":1,"description":"Level1"},{"value":2,"description":"Level2"},{"value":3,"description":"Level3"},{"value":4,"description":"Level4"},{"value":5,"description":"Level5"},{"value":6,"description":"Level6"},{"value":7,"description":"Level7"}]},{"iid":4,"type":"urn:miot-spec-v2:property:vertical-swing:00000018:xiaomi-mc4:1","description":"Vertical Swing","format":"bool","access":["read","write","notify"]}]},{"iid":4,"type":"urn:miot-spec-v2:service:environment:0000780A:xiaomi-mc4:1","description":"Environment","properties":[{"iid":7,"type":"urn:miot-spec-v2:property:temperature:00000020:xiaomi-mc4:1","description":"Temperature","format":"float","access":["read","notify"],"unit":"celsius","value-range":[-30,100,0.1]}]},{"iid":5,"type":"urn:miot-spec-v2:service:alarm:00007804:xiaomi-mc4:1","description":"Alarm","properties":[{"iid":1,"type":"urn:miot-spec-v2:property:alarm:00000012:xiaomi-mc4:1","description":"Alarm","format":"bool","access":["read","write","notify"]}]},{"iid":6,"type":"urn:miot-spec-v2:service:indicator-light:00007803:xiaomi-mc4:1","description":"Indicator Light","properties":[{"iid":1,"type":"urn:miot-spec-v2:property:on:00000006:xiaomi-mc4:1","description":"Switch Status","format":"bool","access":["read","write","notify"]}]},{"iid":7,"type":"urn:miot-spec-v2:service:countdown:0000782D:xiaomi-mc4:1","description":"Countdown"},{"iid":8,"type":"urn:xiaomi-spec:service:electricity:00007801:xiaomi-mc4:1","description":"","properties":[{"iid":1,"type":"urn:xiaomi-spec:property:electricity:00000001:xiaomi-mc4:1","description":"","format":"float","access":["read","notify"],"value-range":[0,999999.999999,0.000001]},{"iid":3,"type":"urn:xiaomi-spec:property:elec-count:00000003:xiaomi-mc4:1","description":"","format":"uint16","access":["read","notify"],"value-range":[0,65535,1]}]},{"iid":9,"type":"urn:xiaomi-spec:service:maintenance:00007802:xiaomi-mc4:1","description":"","properties":[{"iid":1,"type":"urn:xiaomi-spec:property:clean:00000001:xiaomi-mc4:1","description":"","format":"string","access":["read","notify","write"]},{"iid":2,"type":"urn:xiaomi-spec:property:examine:00000002:xiaomi-mc4:1","description":"","format":"string","access":["read","notify","write"]},{"iid":3,"type":"urn:xiaomi-spec:property:error:00000003:xiaomi-mc4:1","description":"","format":"string","access":["notify"]},{"iid":5,"type":"urn:xiaomi-spec:property:running-duration:00000005:xiaomi-mc4:1","description":"","format":"float","access":["read","notify"],"value-range":[0,876000,0.1]}],"events":[{"iid":1,"type":"urn:xiaomi-spec:event:filtertest:00005001:xiaomi-mc4:1","description":"","arguments":[]},{"iid":2,"type":"urn:xiaomi-spec:event:error:00005002:xiaomi-mc4:1","description":"","arguments":[3]},{"iid":3,"type":"urn:xiaomi-spec:event:examine-result:00005003:xiaomi-mc4:1","description":"","arguments":[2]},{"iid":4,"type":"urn:xiaomi-spec:event:clean-result:00005004:xiaomi-mc4:1","description":"","arguments":[1]},{"iid":5,"type":"urn:xiaomi-spec:event:button-pressed:00005005:xiaomi-mc4:1","description":"","arguments":[]},{"iid":6,"type":"urn:xiaomi-spec:event:button-released:00005006:xiaomi-mc4:1","description":"","arguments":[]},{"iid":8,"type":"urn:xiaomi-spec:event:running-duration:00005008:xiaomi-mc4:1","description":"","arguments":[5]}]},{"iid":10,"type":"urn:xiaomi-spec:service:enhance:00007803:xiaomi-mc4:1","description":"","properties":[{"iid":1,"type":"urn:xiaomi-spec:property:fan-percent:00000001:xiaomi-mc4:1","description":"","format":"uint8","access":["read","notify","write"],"value-range":[1,101,1]},{"iid":3,"type":"urn:xiaomi-spec:property:timer:00000003:xiaomi-mc4:1","description":"","format":"string","access":["read","notify","write"]}]}]}