{
  "type": "urn:miot-spec-v2:device:light:0000A001:yeelight-lamp1:1",
  "description": "Light",
  "services": [
    {
      "iid": 1,
      "type": "urn:miot-spec-v2:service:device-information:00007801:yeelight-lamp1:1",
      "description": "Device Information",
      "properties": [
        {
          "iid": 1,
          "type": "urn:miot-spec-v2:property:manufacturer:00000001:yeelight-lamp1:1",
          "description": "Device Manufacturer",
          "format": "string",
          "access": [
            "read"
          ]
        },
        {
          "iid": 2,
          "type": "urn:miot-spec-v2:property:model:00000002:yeelight-lamp1:1",
          "description": "Device Model",
          "format": "string",
          "access": [
            "read"
          ]
        },
        {
          "iid": 3,
          "type": "urn:miot-spec-v2:property:serial-number:00000003:yeelight-lamp1:1",
          "description": "Device Serial Number",
          "format": "string",
          "access": [
            "read"
          ]
        },
        {
          "iid": 4,
          "type": "urn:miot-spec-v2:property:name:00000004:yeelight-lamp1:1",
          "description": "Device Name",
          "format": "string",
          "access": [
            "read"
          ]
        },
        {
          "iid": 5,
          "type": "urn:miot-spec-v2:property:firmware-revision:00000005:yeelight-lamp1:1",
          "description": "Current Firmware Version",
          "format": "string",
          "access": [
            "read"
          ]
        }
      ]
    },
    {
      "iid": 2,
      "type": "urn:miot-spec-v2:service:light:00007802:yeelight-lamp1:1",
      "description": "Light",
      "properties": [
        {
          "iid": 1,
          "type": "urn:miot-spec-v2:property:on:00000006:yeelight-lamp1:1",
          "description": "Switch Status",
          "format": "bool",
          "access": [
            "read",
            "write",
            "notify"
          ]
        },
        {
          "iid": 2,
          "type": "urn:miot-spec-v2:property:brightness:0000000D:yeelight-lamp1:1",
          "description": "Brightness",
          "format": "uint8",
          "access": [
            "read",
            "write",
            "notify"
          ],
          "unit": "percentage",
          "value-range": [
            1,
            100,
            1
          ]
        },
        {
          "iid": 3,
          "type": "urn:miot-spec-v2:property:color-temperature:0000000F:yeelight-lamp1:1",
          "description": "Color Temperature",
          "format": "uint32",
          "access": [
            "read",
            "write",
            "notify"
          ],
          "unit": "kelvin",
          "value-range": [
            2700,
            6500,
            1
          ]
        },
        {
          "iid": 4,
          "type": "urn:miot-spec-v2:property:mode:00000008:yeelink-lamp1:1",
          "description": "Mode",
          "format": "uint8",
          "access": [
            "write"
          ],
          "value-list": [
            {
              "value": 0,
              "description": "Reading"
            },
            {
              "value": 1,
              "description": "Computer"
            },
            {
              "value": 2,
              "description": "Night_Reading"
            },
            {
              "value": 3,
              "description": "Anti_blue"
            },
            {
              "value": 4,
              "description": "Effective_Work"
            },
            {
              "value": 5,
              "description": "Candle"
            },
            {
              "value": 6,
              "description": "Twinkle"
            }
          ]
        }
      ],
      "actions": [
        {
          "iid": 1,
          "type": "urn:miot-spec-v2:action:toggle:00002811:yeelight-lamp1:1",
          "description": "Toggle",
          "in": [],
          "out": []
        }
      ]
    },
    {
      "iid": 3,
      "type": "urn:yeelight-spec:service:light-extension:00000001:yeelight-lamp1:1",
      "description": "Light Extension Feature",
      "properties": [
        {
          "iid": 1,
          "type": "urn:yeelight-spec:property:brightness-delta:00000002:yeelight-lamp1:1",
          "description": "Adjust brightness",
          "format": "int8",
          "access": [
            "write"
          ],
          "unit": "percentage",
          "value-range": [
            -100,
            100,
            1
          ]
        },
        {
          "iid": 2,
          "type": "urn:yeelight-spec:property:ct-delta:00000003:yeelight-lamp1:1",
          "description": "Adjust Color Temperature",
          "format": "int8",
          "access": [
            "write"
          ],
          "unit": "percentage",
          "value-range": [
            -100,
            100,
            1
          ]
        },
        {
          "iid": 3,
          "type": "urn:yeelight-spec:property:ct-adjust-alexa:00000004:yeelight-lamp1:1",
          "description": "Alexa Adjust Color Temperature",
          "format": "uint8",
          "access": [
            "write"
          ],
          "value-list": [
            {
              "value": 1,
              "description": "Increase"
            },
            {
              "value": 2,
              "description": "Decrease"
            }
          ]
        }
      ]
    }
  ]
}