{"type":"urn:miot-spec-v2:device:heater:0000A01A:zhimi-mc2:1","description":"Heater","services":[{"iid":1,"type":"urn:miot-spec-v2:service:device-information:00007801:zhimi-mc2:1","description":"Device Information","properties":[{"iid":1,"type":"urn:miot-spec-v2:property:manufacturer:00000001:zhimi-mc2:1","description":"Device Manufacturer","format":"string","access":["read"]},{"iid":2,"type":"urn:miot-spec-v2:property:model:00000002:zhimi-mc2:1","description":"Device Model","format":"string","access":["read"]},{"iid":3,"type":"urn:miot-spec-v2:property:serial-number:00000003:zhimi-mc2:1","description":"Device Serial Number","format":"string","access":["read"]},{"iid":4,"type":"urn:miot-spec-v2:property:firmware-revision:00000005:zhimi-mc2:1","description":"Current Firmware Version","format":"string","access":["read"]}]},{"iid":2,"type":"urn:miot-spec-v2:service:heater:0000782E:zhimi-mc2:1","description":"Heater","properties":[{"iid":1,"type":"urn:miot-spec-v2:property:on:00000006:zhimi-mc2:1","description":"Switch Status","format":"bool","access":["read","write","notify"]},{"iid":2,"type":"urn:miot-spec-v2:property:fault:00000009:zhimi-mc2:1","description":"Device Fault","format":"uint8","access":["read","notify"],"unit":"none","value-range":[0,255,1]},{"iid":5,"type":"urn:miot-spec-v2:property:target-temperature:00000021:zhimi-mc2:1","description":"Target Temperature","format":"float","access":["read","write","notify"],"unit":"celsius","value-range":[18,28,1]}]},{"iid":3,"type":"urn:miot-spec-v2:service:countdown:0000782D:zhimi-mc2:1","description":"Countdown","properties":[{"iid":1,"type":"urn:miot-spec-v2:property:countdown-time:00000055:zhimi-mc2:1","description":"Countdown Time","format":"uint32","access":["read","write","notify"],"unit":"hours","value-range":[0,12,1]}]},{"iid":4,"type":"urn:miot-spec-v2:service:environment:0000780A:zhimi-mc2:1","description":"Environment","properties":[{"iid":7,"type":"urn:miot-spec-v2:property:temperature:00000020:zhimi-mc2:1","description":"Temperature","format":"float","access":["read","notify"],"unit":"celsius","value-range":[-30,100,0.1]}]},{"iid":5,"type":"urn:miot-spec-v2:service:physical-controls-locked:00007807:zhimi-mc2:1","description":"Physical Control Locked","properties":[{"iid":1,"type":"urn:miot-spec-v2:property:physical-controls-locked:0000001D:zhimi-mc2:1","description":"Physical Control Locked","format":"bool","access":["read","write","notify"]}]},{"iid":6,"type":"urn:miot-spec-v2:service:alarm:00007804:zhimi-mc2:1","description":"Alarm","properties":[{"iid":1,"type":"urn:miot-spec-v2:property:alarm:00000012:zhimi-mc2:1","description":"Alarm","format":"bool","access":["read","write","notify"]}]},{"iid":7,"type":"urn:miot-spec-v2:service:indicator-light:00007803:zhimi-mc2:1","description":"Indicator Light","properties":[{"iid":3,"type":"urn:miot-spec-v2:property:brightness:0000000D:zhimi-mc2:1","description":"Brightness","format":"uint8","access":["read","write","notify"],"unit":"percentage","value-range":[0,1,1]}]},{"iid":8,"type":"urn:zhimi-spec:service:private-service:00007801:zhimi-mc2:1","description":"私有服务","properties":[{"iid":1,"type":"urn:zhimi-spec:property:button-pressed:00000001:zhimi-mc2:1","description":"按键点击","format":"uint8","access":["notify"],"unit":"none","value-range":[0,4,1]},{"iid":8,"type":"urn:zhimi-spec:property:hw-enable:00000008:zhimi-mc2:1","description":"恒温功能使能","format":"bool","access":["read","notify","write"],"unit":"none"},{"iid":9,"type":"urn:zhimi-spec:property:use-time:00000002:zhimi-mc2:1","description":"用户使用时长","format":"uint32","access":["read","notify"],"value-range":[0,2147483647,1]},{"iid":10,"type":"urn:zhimi-spec:property:country-code:00000003:zhimi-mc2:1","description":"country-code","format":"int32","access":["read","notify"],"unit":"none","value-list":[{"value":0,"description":"未知"},{"value":1,"description":"US, 美国"},{"value":82,"description":"KR,韩国"},{"value":44,"description":"EU,欧洲"},{"value":81,"description":"JP,日本"},{"value":7,"description":"RU，俄罗斯"},{"value":86,"description":"CN,中国"},{"value":852,"description":"中国香港"},{"value":886,"description":"中国台湾"},{"value":33,"description":"FR,法国"}]}],"events":[{"iid":1,"type":"urn:zhimi-spec:event:temp-exce:00005001:zhimi-mc2:1","description":"高温异常","arguments":[]},{"iid":2,"type":"urn:zhimi-spec:event:tsensor-exce:00005002:zhimi-mc2:1","description":"NTC 异常","arguments":[]},{"iid":3,"type":"urn:zhimi-spec:event:status-report:00005003:zhimi-mc2:1","description":"状态异常上报。 目前没必要实现","arguments":[]},{"iid":4,"type":"urn:zhimi-spec:event:eeprom-exce:00005004:zhimi-mc2:1","description":"eeprom 异常","arguments":[]},{"iid":5,"type":"urn:zhimi-spec:event:display-exce:00005005:zhimi-mc2:1","description":"显示通信异常","arguments":[]},{"iid":6,"type":"urn:zhimi-spec:event:childlock-trig:00005006:zhimi-mc2:1","description":"童锁状态下1s内多次连续触发次数，实现方式暂时存疑惑","arguments":[]}]}]}