{
  "type": "urn:miot-spec-v2:device:humidifier:0000A00E:zhimi-ca4:2",
  "description": "Humidifier",
  "services": [
    {
      "iid": 1,
      "type": "urn:miot-spec-v2:service:device-information:00007801:zhimi-ca4:1",
      "description": "Device Information",
      "properties": [
        {
          "iid": 1,
          "type": "urn:miot-spec-v2:property:manufacturer:00000001:zhimi-ca4:1",
          "description": "Device Manufacturer",
          "format": "string",
          "access": [
            "read"
          ]
        },
        {
          "iid": 2,
          "type": "urn:miot-spec-v2:property:model:00000002:zhimi-ca4:1",
          "description": "Device Model",
          "format": "string",
          "access": [
            "read"
          ]
        },
        {
          "iid": 3,
          "type": "urn:miot-spec-v2:property:serial-number:00000003:zhimi-ca4:1",
          "description": "Device Serial Number",
          "format": "string",
          "access": [
            "read"
          ]
        },
        {
          "iid": 4,
          "type": "urn:miot-spec-v2:property:firmware-revision:00000005:zhimi-ca4:1",
          "description": "Current Firmware Version",
          "format": "string",
          "access": [
            "read"
          ]
        }
      ]
    },
    {
      "iid": 2,
      "type": "urn:miot-spec-v2:service:humidifier:00007818:zhimi-ca4:1",
      "description": "Humidifier",
      "properties": [
        {
          "iid": 1,
          "type": "urn:miot-spec-v2:property:on:00000006:zhimi-ca4:1",
          "description": "Switch Status",
          "format": "bool",
          "access": [
            "read",
            "write",
            "notify"
          ],
          "unit": "none"
        },
        {
          "iid": 2,
          "type": "urn:miot-spec-v2:property:fault:00000009:zhimi-ca4:1",
          "description": "Device Fault",
          "format": "uint8",
          "access": [
            "read",
            "notify"
          ],
          "value-range": [
            0,
            15,
            1
          ]
        },
        {
          "iid": 5,
          "type": "urn:miot-spec-v2:property:fan-level:00000016:zhimi-ca4:1",
          "description": "风机档位",
          "format": "uint8",
          "access": [
            "read",
            "write",
            "notify"
          ],
          "unit": "none",
          "value-list": [
            {
              "value": 0,
              "description": "Auto"
            },
            {
              "value": 1,
              "description": "Level1"
            },
            {
              "value": 2,
              "description": "Level2"
            },
            {
              "value": 3,
              "description": "Level3"
            }
          ]
        },
        {
          "iid": 6,
          "type": "urn:miot-spec-v2:property:target-humidity:00000022:zhimi-ca4:1",
          "description": "设定湿度",
          "format": "uint8",
          "access": [
            "read",
            "write",
            "notify"
          ],
          "unit": "percentage",
          "value-range": [
            30,
            80,
            1
          ]
        },
        {
          "iid": 7,
          "type": "urn:miot-spec-v2:property:water-level:0000003D:zhimi-ca4:1",
          "description": "Water Level",
          "format": "uint8",
          "access": [
            "read",
            "notify"
          ],
          "value-range": [
            0,
            128,
            1
          ]
        },
        {
          "iid": 11,
          "type": "urn:miot-spec-v2:property:speed-level:00000023:zhimi-ca4:1",
          "description": "设定速度",
          "format": "int32",
          "access": [
            "read",
            "write",
            "notify"
          ],
          "unit": "none",
          "value-range": [
            200,
            2000,
            10
          ]
        },
        {
          "iid": 8,
          "type": "urn:zhimi-spec:property:dry:00000001:zhimi-ca4:1",
          "description": "",
          "format": "bool",
          "access": [
            "read",
            "write",
            "notify"
          ]
        },
        {
          "iid": 9,
          "type": "urn:zhimi-spec:property:use-time:00000002:zhimi-ca4:1",
          "description": "",
          "format": "int32",
          "access": [
            "read",
            "notify"
          ],
          "value-range": [
            0,
            2147483600,
            1
          ]
        },
        {
          "iid": 10,
          "type": "urn:zhimi-spec:property:button-pressed:00000003:zhimi-ca4:1",
          "description": "按键信息",
          "format": "uint8",
          "access": [
            "read",
            "notify"
          ],
          "value-list": [
            {
              "value": 0,
              "description": "none"
            },
            {
              "value": 1,
              "description": "led"
            },
            {
              "value": 2,
              "description": "power"
            }
          ]
        }
      ],
      "events": [
        {
          "iid": 1,
          "type": "urn:miot-spec-v2:event:low-water-level:0000500A:zhimi-ca4:1",
          "description": "Low Water Level",
          "arguments": []
        }
      ]
    },
    {
      "iid": 3,
      "type": "urn:miot-spec-v2:service:environment:0000780A:zhimi-ca4:1",
      "description": "Environment",
      "properties": [
        {
          "iid": 7,
          "type": "urn:miot-spec-v2:property:temperature:00000020:zhimi-ca4:1",
          "description": "温度",
          "format": "float",
          "access": [
            "read",
            "notify"
          ],
          "unit": "celsius",
          "value-range": [
            -40,
            125,
            0.1
          ]
        },
        {
          "iid": 9,
          "type": "urn:miot-spec-v2:property:relative-humidity:0000000C:zhimi-ca4:1",
          "description": "Relative Humidity",
          "format": "uint8",
          "access": [
            "read",
            "notify"
          ],
          "unit": "percentage",
          "value-range": [
            0,
            100,
            1
          ]
        },
        {
          "iid": 8,
          "type": "urn:zhimi-spec:property:fahrenheit:00000001:zhimi-ca4:1",
          "description": "",
          "format": "float",
          "access": [
            "read",
            "notify"
          ],
          "value-range": [
            -40,
            257,
            0.1
          ]
        }
      ]
    },
    {
      "iid": 4,
      "type": "urn:miot-spec-v2:service:alarm:00007804:zhimi-ca4:1",
      "description": "Alarm",
      "properties": [
        {
          "iid": 1,
          "type": "urn:miot-spec-v2:property:alarm:00000012:zhimi-ca4:1",
          "description": "Alarm",
          "format": "bool",
          "access": [
            "read",
            "write",
            "notify"
          ]
        }
      ]
    },
    {
      "iid": 5,
      "type": "urn:miot-spec-v2:service:screen:00007806:zhimi-ca4:1",
      "description": "Screen",
      "properties": [
        {
          "iid": 2,
          "type": "urn:miot-spec-v2:property:brightness:0000000D:zhimi-ca4:1",
          "description": "亮度",
          "format": "uint8",
          "access": [
            "read",
            "write",
            "notify"
          ],
          "unit": "percentage",
          "value-list": [
            {
              "value": 0,
              "description": "Dark"
            },
            {
              "value": 1,
              "description": "Glimmer"
            },
            {
              "value": 2,
              "description": "Brightest"
            }
          ]
        }
      ]
    },
    {
      "iid": 6,
      "type": "urn:miot-spec-v2:service:physical-controls-locked:00007807:zhimi-ca4:1",
      "description": "Physical Control Locked",
      "properties": [
        {
          "iid": 1,
          "type": "urn:miot-spec-v2:property:physical-controls-locked:0000001D:zhimi-ca4:1",
          "description": "Physical Control Locked",
          "format": "bool",
          "access": [
            "read",
            "write",
            "notify"
          ]
        }
      ]
    },
    {
      "iid": 7,
      "type": "urn:zhimi-spec:service:other:00007801:zhimi-ca4:1",
      "description": "",
      "properties": [
        {
          "iid": 1,
          "type": "urn:zhimi-spec:property:actual-speed:00000001:zhimi-ca4:1",
          "description": "",
          "format": "uint32",
          "access": [
            "read"
          ],
          "value-range": [
            0,
            2000,
            1
          ]
        },
        {
          "iid": 3,
          "type": "urn:zhimi-spec:property:power-time:00000003:zhimi-ca4:1",
          "description": "",
          "format": "uint32",
          "access": [
            "read"
          ],
          "unit": "seconds",
          "value-range": [
            0,
            4294967295,
            1
          ]
        },
        {
          "iid": 4,
          "type": "urn:zhimi-spec:property:country-code:00000002:zhimi-ca4:2",
          "description": "country-code",
          "format": "uint32",
          "access": [
            "read",
            "notify",
            "write"
          ],
          "unit": "none",
          "value-list": [
            {
              "value": 0,
              "description": "0未知"
            },
            {
              "value": 1,
              "description": "US美国"
            },
            {
              "value": 82,
              "description": "KR韩国"
            },
            {
              "value": 44,
              "description": "EU欧洲"
            },
            {
              "value": 81,
              "description": "JP日本"
            },
            {
              "value": 7,
              "description": "RU俄罗斯"
            },
            {
              "value": 86,
              "description": "CN中国"
            },
            {
              "value": 852,
              "description": "HK中国香港"
            },
            {
              "value": 886,
              "description": "TW中国台湾"
            },
            {
              "value": 33,
              "description": "FR法国"
            }
          ]
        },
        {
          "iid": 5,
          "type": "urn:zhimi-spec:property:clean:00000004:zhimi-ca4:2",
          "description": "clean",
          "format": "bool",
          "access": [
            "read",
            "notify",
            "write"
          ],
          "unit": "none"
        }
      ],
      "events": [
        {
          "iid": 1,
          "type": "urn:zhimi-spec:event:status-report:00005001:zhimi-ca4:1",
          "description": "聚合上报",
          "arguments": [
            3
          ]
        },
        {
          "iid": 2,
          "type": "urn:zhimi-spec:event:water-box-off:00005002:zhimi-ca4:1",
          "description": "水箱分离",
          "arguments": []
        },
        {
          "iid": 3,
          "type": "urn:zhimi-spec:event:child-lock-trigger:00005003:zhimi-ca4:1",
          "description": "童锁上报",
          "arguments": []
        }
      ]
    }
  ]
}